{"cameraMode":{"drawMode":0,"name":"Shaded","section":"Shading Mode"},"sceneLighting":false,"audioPlay":false,"sceneViewState":{"showFog":true,"showMaterialUpdate":false,"showSkybox":false,"showFlares":true,"showImageEffects":true,"showParticleSystems":true,"showVisualEffectGraphs":true,"m_FxEnabled":true},"in2DMode":false,"pivot":{"x":-132.15223693847657,"y":37.019378662109378,"z":212.66448974609376},"rotation":{"x":0.025476662442088128,"y":0.955104410648346,"z":-0.08619233965873718,"w":0.28231099247932436},"size":199.4573211669922,"orthographic":false}